esfera,uf,ano,g_aquisicoes,g_339030,g_339032,g_339033,g_339036,g_339037,g_339039,g_339040,unidade,estagio,metodo,formula,fonte
estadual,AC,2024,2258191739.62,400105762.81,36551992.72,109736105.63,14676561.49,382150565.21,1195155768.43,119814983.33,R$ correntes do exercicio,Despesas Empenhadas,DCA integral do ente (hash em _seed_manifest.json),"G_central = SUM(valor | cod_conta in elementos 3.3.90.30+3.3.90.32+3.3.90.33+3.3.90.36+3.3.90.37+3.3.90.39+3.3.90.40, coluna='Despesas Empenhadas')","SICONFI DCA 'DCA-Anexo I-D' (https://apidatalake.tesouro.gov.br/ords/siconfi/tt/dca); LC 214 arts. 472-473 (aquisições; folha fora, art. 4o); elementos de despesa Portaria Interm. STN/SOF 163/2001 Anexo II (MTO 4.6.2.1.4); DCA CONSOLIDADA do ente (instituicao unica — sem abertura adm. direta x estatais dependentes; perimetros diferem apenas pelo conjunto de elementos); id_ente=AC"
estadual,AL,2024,3203804579.43,265300266.81,121011783.45,21856344.29,1076865648.13,146831716.30,1332490453.85,239448366.60,R$ correntes do exercicio,Despesas Empenhadas,DCA integral do ente (hash em _seed_manifest.json),"G_central = SUM(valor | cod_conta in elementos 3.3.90.30+3.3.90.32+3.3.90.33+3.3.90.36+3.3.90.37+3.3.90.39+3.3.90.40, coluna='Despesas Empenhadas')","SICONFI DCA 'DCA-Anexo I-D' (https://apidatalake.tesouro.gov.br/ords/siconfi/tt/dca); LC 214 arts. 472-473 (aquisições; folha fora, art. 4o); elementos de despesa Portaria Interm. STN/SOF 163/2001 Anexo II (MTO 4.6.2.1.4); DCA CONSOLIDADA do ente (instituicao unica — sem abertura adm. direta x estatais dependentes; perimetros diferem apenas pelo conjunto de elementos); id_ente=AL"
estadual,AM,2024,6636382874.20,698877810.23,388216504.87,624662781.20,145410617.66,625803239.39,3430402193.16,723009727.69,R$ correntes do exercicio,Despesas Empenhadas,DCA integral do ente (hash em _seed_manifest.json),"G_central = SUM(valor | cod_conta in elementos 3.3.90.30+3.3.90.32+3.3.90.33+3.3.90.36+3.3.90.37+3.3.90.39+3.3.90.40, coluna='Despesas Empenhadas')","SICONFI DCA 'DCA-Anexo I-D' (https://apidatalake.tesouro.gov.br/ords/siconfi/tt/dca); LC 214 arts. 472-473 (aquisições; folha fora, art. 4o); elementos de despesa Portaria Interm. STN/SOF 163/2001 Anexo II (MTO 4.6.2.1.4); DCA CONSOLIDADA do ente (instituicao unica — sem abertura adm. direta x estatais dependentes; perimetros diferem apenas pelo conjunto de elementos); id_ente=AM"
estadual,AP,2024,1594038222.98,203345274.01,3329995.01,39271459.43,21856866.51,220909392.94,1064780858.08,40544377.00,R$ correntes do exercicio,Despesas Empenhadas,DCA integral do ente (hash em _seed_manifest.json),"G_central = SUM(valor | cod_conta in elementos 3.3.90.30+3.3.90.32+3.3.90.33+3.3.90.36+3.3.90.37+3.3.90.39+3.3.90.40, coluna='Despesas Empenhadas')","SICONFI DCA 'DCA-Anexo I-D' (https://apidatalake.tesouro.gov.br/ords/siconfi/tt/dca); LC 214 arts. 472-473 (aquisições; folha fora, art. 4o); elementos de despesa Portaria Interm. STN/SOF 163/2001 Anexo II (MTO 4.6.2.1.4); DCA CONSOLIDADA do ente (instituicao unica — sem abertura adm. direta x estatais dependentes; perimetros diferem apenas pelo conjunto de elementos); id_ente=AP"
estadual,BA,2024,14924435644.27,661892490.48,772648997.68,234080210.17,329936216.89,1701834175.62,10368406340.28,855637213.15,R$ correntes do exercicio,Despesas Empenhadas,DCA integral do ente (hash em _seed_manifest.json),"G_central = SUM(valor | cod_conta in elementos 3.3.90.30+3.3.90.32+3.3.90.33+3.3.90.36+3.3.90.37+3.3.90.39+3.3.90.40, coluna='Despesas Empenhadas')","SICONFI DCA 'DCA-Anexo I-D' (https://apidatalake.tesouro.gov.br/ords/siconfi/tt/dca); LC 214 arts. 472-473 (aquisições; folha fora, art. 4o); elementos de despesa Portaria Interm. STN/SOF 163/2001 Anexo II (MTO 4.6.2.1.4); DCA CONSOLIDADA do ente (instituicao unica — sem abertura adm. direta x estatais dependentes; perimetros diferem apenas pelo conjunto de elementos); id_ente=BA"
estadual,CE,2024,6348977264.17,881750372.88,553211475.63,44760440.14,256059577.82,1400074761.59,2745940385.47,467180250.64,R$ correntes do exercicio,Despesas Empenhadas,DCA integral do ente (hash em _seed_manifest.json),"G_central = SUM(valor | cod_conta in elementos 3.3.90.30+3.3.90.32+3.3.90.33+3.3.90.36+3.3.90.37+3.3.90.39+3.3.90.40, coluna='Despesas Empenhadas')","SICONFI DCA 'DCA-Anexo I-D' (https://apidatalake.tesouro.gov.br/ords/siconfi/tt/dca); LC 214 arts. 472-473 (aquisições; folha fora, art. 4o); elementos de despesa Portaria Interm. STN/SOF 163/2001 Anexo II (MTO 4.6.2.1.4); DCA CONSOLIDADA do ente (instituicao unica — sem abertura adm. direta x estatais dependentes; perimetros diferem apenas pelo conjunto de elementos); id_ente=CE"
estadual,DF,2024,8809053855.88,925028593.62,28977556.28,54371442.75,66432115.18,1258433351.94,6157857427.22,317953368.89,R$ correntes do exercicio,Despesas Empenhadas,DCA integral do ente (hash em _seed_manifest.json),"G_central = SUM(valor | cod_conta in elementos 3.3.90.30+3.3.90.32+3.3.90.33+3.3.90.36+3.3.90.37+3.3.90.39+3.3.90.40, coluna='Despesas Empenhadas')","SICONFI DCA 'DCA-Anexo I-D' (https://apidatalake.tesouro.gov.br/ords/siconfi/tt/dca); LC 214 arts. 472-473 (aquisições; folha fora, art. 4o); elementos de despesa Portaria Interm. STN/SOF 163/2001 Anexo II (MTO 4.6.2.1.4); DCA CONSOLIDADA do ente (instituicao unica — sem abertura adm. direta x estatais dependentes; perimetros diferem apenas pelo conjunto de elementos); id_ente=DF; DCA unica do GDF — inclui funcoes municipais (art. 349, II, 'c')"
estadual,ES,2024,3584559769.76,619490086.70,185644843.42,84724073.89,110901916.51,606953887.80,1726205634.47,250639326.97,R$ correntes do exercicio,Despesas Empenhadas,DCA integral do ente (hash em _seed_manifest.json),"G_central = SUM(valor | cod_conta in elementos 3.3.90.30+3.3.90.32+3.3.90.33+3.3.90.36+3.3.90.37+3.3.90.39+3.3.90.40, coluna='Despesas Empenhadas')","SICONFI DCA 'DCA-Anexo I-D' (https://apidatalake.tesouro.gov.br/ords/siconfi/tt/dca); LC 214 arts. 472-473 (aquisições; folha fora, art. 4o); elementos de despesa Portaria Interm. STN/SOF 163/2001 Anexo II (MTO 4.6.2.1.4); DCA CONSOLIDADA do ente (instituicao unica — sem abertura adm. direta x estatais dependentes; perimetros diferem apenas pelo conjunto de elementos); id_ente=ES"
estadual,GO,2024,3653890766.14,474203526.11,480984964.56,75086343.62,85772138.58,655415597.25,1604522930.64,277905265.38,R$ correntes do exercicio,Despesas Empenhadas,DCA integral do ente (hash em _seed_manifest.json),"G_central = SUM(valor | cod_conta in elementos 3.3.90.30+3.3.90.32+3.3.90.33+3.3.90.36+3.3.90.37+3.3.90.39+3.3.90.40, coluna='Despesas Empenhadas')","SICONFI DCA 'DCA-Anexo I-D' (https://apidatalake.tesouro.gov.br/ords/siconfi/tt/dca); LC 214 arts. 472-473 (aquisições; folha fora, art. 4o); elementos de despesa Portaria Interm. STN/SOF 163/2001 Anexo II (MTO 4.6.2.1.4); DCA CONSOLIDADA do ente (instituicao unica — sem abertura adm. direta x estatais dependentes; perimetros diferem apenas pelo conjunto de elementos); id_ente=GO"
estadual,MA,2024,5190040141.63,221647645.85,135340047.69,94491385.64,108782618.67,312663957.05,4090671905.22,226442581.51,R$ correntes do exercicio,Despesas Empenhadas,DCA integral do ente (hash em _seed_manifest.json),"G_central = SUM(valor | cod_conta in elementos 3.3.90.30+3.3.90.32+3.3.90.33+3.3.90.36+3.3.90.37+3.3.90.39+3.3.90.40, coluna='Despesas Empenhadas')","SICONFI DCA 'DCA-Anexo I-D' (https://apidatalake.tesouro.gov.br/ords/siconfi/tt/dca); LC 214 arts. 472-473 (aquisições; folha fora, art. 4o); elementos de despesa Portaria Interm. STN/SOF 163/2001 Anexo II (MTO 4.6.2.1.4); DCA CONSOLIDADA do ente (instituicao unica — sem abertura adm. direta x estatais dependentes; perimetros diferem apenas pelo conjunto de elementos); id_ente=MA"
estadual,MG,2024,11848758434.21,1543351340.13,44760697.48,61593092.87,445788339.36,2465050305.88,6451735084.08,836479574.41,R$ correntes do exercicio,Despesas Empenhadas,DCA integral do ente (hash em _seed_manifest.json),"G_central = SUM(valor | cod_conta in elementos 3.3.90.30+3.3.90.32+3.3.90.33+3.3.90.36+3.3.90.37+3.3.90.39+3.3.90.40, coluna='Despesas Empenhadas')","SICONFI DCA 'DCA-Anexo I-D' (https://apidatalake.tesouro.gov.br/ords/siconfi/tt/dca); LC 214 arts. 472-473 (aquisições; folha fora, art. 4o); elementos de despesa Portaria Interm. STN/SOF 163/2001 Anexo II (MTO 4.6.2.1.4); DCA CONSOLIDADA do ente (instituicao unica — sem abertura adm. direta x estatais dependentes; perimetros diferem apenas pelo conjunto de elementos); id_ente=MG"
estadual,MS,2024,3046575295.35,213663687.85,117742843.28,23640545.32,50857869.16,280783132.47,1674936723.42,684950493.85,R$ correntes do exercicio,Despesas Empenhadas,DCA integral do ente (hash em _seed_manifest.json),"G_central = SUM(valor | cod_conta in elementos 3.3.90.30+3.3.90.32+3.3.90.33+3.3.90.36+3.3.90.37+3.3.90.39+3.3.90.40, coluna='Despesas Empenhadas')","SICONFI DCA 'DCA-Anexo I-D' (https://apidatalake.tesouro.gov.br/ords/siconfi/tt/dca); LC 214 arts. 472-473 (aquisições; folha fora, art. 4o); elementos de despesa Portaria Interm. STN/SOF 163/2001 Anexo II (MTO 4.6.2.1.4); DCA CONSOLIDADA do ente (instituicao unica — sem abertura adm. direta x estatais dependentes; perimetros diferem apenas pelo conjunto de elementos); id_ente=MS"
estadual,MT,2024,5073633797.84,380156539.61,152328101.55,61944743.02,163965468.54,474011685.88,3406055055.27,435172203.97,R$ correntes do exercicio,Despesas Empenhadas,DCA integral do ente (hash em _seed_manifest.json),"G_central = SUM(valor | cod_conta in elementos 3.3.90.30+3.3.90.32+3.3.90.33+3.3.90.36+3.3.90.37+3.3.90.39+3.3.90.40, coluna='Despesas Empenhadas')","SICONFI DCA 'DCA-Anexo I-D' (https://apidatalake.tesouro.gov.br/ords/siconfi/tt/dca); LC 214 arts. 472-473 (aquisições; folha fora, art. 4o); elementos de despesa Portaria Interm. STN/SOF 163/2001 Anexo II (MTO 4.6.2.1.4); DCA CONSOLIDADA do ente (instituicao unica — sem abertura adm. direta x estatais dependentes; perimetros diferem apenas pelo conjunto de elementos); id_ente=MT"
estadual,PA,2024,6644941094.35,990318813.93,102262552.89,437281318.59,222074048.19,1193504195.06,3256586052.55,442914113.14,R$ correntes do exercicio,Despesas Empenhadas,DCA integral do ente (hash em _seed_manifest.json),"G_central = SUM(valor | cod_conta in elementos 3.3.90.30+3.3.90.32+3.3.90.33+3.3.90.36+3.3.90.37+3.3.90.39+3.3.90.40, coluna='Despesas Empenhadas')","SICONFI DCA 'DCA-Anexo I-D' (https://apidatalake.tesouro.gov.br/ords/siconfi/tt/dca); LC 214 arts. 472-473 (aquisições; folha fora, art. 4o); elementos de despesa Portaria Interm. STN/SOF 163/2001 Anexo II (MTO 4.6.2.1.4); DCA CONSOLIDADA do ente (instituicao unica — sem abertura adm. direta x estatais dependentes; perimetros diferem apenas pelo conjunto de elementos); id_ente=PA"
estadual,PB,2024,2647163465.64,426276684.32,98147601.72,27158076.83,59868556.96,159834274.65,1741198158.90,134680112.26,R$ correntes do exercicio,Despesas Empenhadas,DCA integral do ente (hash em _seed_manifest.json),"G_central = SUM(valor | cod_conta in elementos 3.3.90.30+3.3.90.32+3.3.90.33+3.3.90.36+3.3.90.37+3.3.90.39+3.3.90.40, coluna='Despesas Empenhadas')","SICONFI DCA 'DCA-Anexo I-D' (https://apidatalake.tesouro.gov.br/ords/siconfi/tt/dca); LC 214 arts. 472-473 (aquisições; folha fora, art. 4o); elementos de despesa Portaria Interm. STN/SOF 163/2001 Anexo II (MTO 4.6.2.1.4); DCA CONSOLIDADA do ente (instituicao unica — sem abertura adm. direta x estatais dependentes; perimetros diferem apenas pelo conjunto de elementos); id_ente=PB"
estadual,PE,2024,7910630340.66,830960631.49,307632291.89,505076690.41,333179954.25,929335559.38,4686385180.27,318060032.97,R$ correntes do exercicio,Despesas Empenhadas,DCA integral do ente (hash em _seed_manifest.json),"G_central = SUM(valor | cod_conta in elementos 3.3.90.30+3.3.90.32+3.3.90.33+3.3.90.36+3.3.90.37+3.3.90.39+3.3.90.40, coluna='Despesas Empenhadas')","SICONFI DCA 'DCA-Anexo I-D' (https://apidatalake.tesouro.gov.br/ords/siconfi/tt/dca); LC 214 arts. 472-473 (aquisições; folha fora, art. 4o); elementos de despesa Portaria Interm. STN/SOF 163/2001 Anexo II (MTO 4.6.2.1.4); DCA CONSOLIDADA do ente (instituicao unica — sem abertura adm. direta x estatais dependentes; perimetros diferem apenas pelo conjunto de elementos); id_ente=PE"
estadual,PI,2024,3852440717.91,620855929.60,35388814.07,23878413.93,186507796.29,447151549.36,2314614822.79,224043391.87,R$ correntes do exercicio,Despesas Empenhadas,DCA integral do ente (hash em _seed_manifest.json),"G_central = SUM(valor | cod_conta in elementos 3.3.90.30+3.3.90.32+3.3.90.33+3.3.90.36+3.3.90.37+3.3.90.39+3.3.90.40, coluna='Despesas Empenhadas')","SICONFI DCA 'DCA-Anexo I-D' (https://apidatalake.tesouro.gov.br/ords/siconfi/tt/dca); LC 214 arts. 472-473 (aquisições; folha fora, art. 4o); elementos de despesa Portaria Interm. STN/SOF 163/2001 Anexo II (MTO 4.6.2.1.4); DCA CONSOLIDADA do ente (instituicao unica — sem abertura adm. direta x estatais dependentes; perimetros diferem apenas pelo conjunto de elementos); id_ente=PI"
estadual,PR,2024,13214965394.81,1041078011.09,1027012857.98,49032963.26,350583452.30,1831748739.28,8067434757.55,848074613.35,R$ correntes do exercicio,Despesas Empenhadas,DCA integral do ente (hash em _seed_manifest.json),"G_central = SUM(valor | cod_conta in elementos 3.3.90.30+3.3.90.32+3.3.90.33+3.3.90.36+3.3.90.37+3.3.90.39+3.3.90.40, coluna='Despesas Empenhadas')","SICONFI DCA 'DCA-Anexo I-D' (https://apidatalake.tesouro.gov.br/ords/siconfi/tt/dca); LC 214 arts. 472-473 (aquisições; folha fora, art. 4o); elementos de despesa Portaria Interm. STN/SOF 163/2001 Anexo II (MTO 4.6.2.1.4); DCA CONSOLIDADA do ente (instituicao unica — sem abertura adm. direta x estatais dependentes; perimetros diferem apenas pelo conjunto de elementos); id_ente=PR"
estadual,RJ,2024,13322606403.83,1374739192.23,203111729.74,43083989.10,710508477.72,648370806.49,9237439723.15,1105352485.40,R$ correntes do exercicio,Despesas Empenhadas,DCA integral do ente (hash em _seed_manifest.json),"G_central = SUM(valor | cod_conta in elementos 3.3.90.30+3.3.90.32+3.3.90.33+3.3.90.36+3.3.90.37+3.3.90.39+3.3.90.40, coluna='Despesas Empenhadas')","SICONFI DCA 'DCA-Anexo I-D' (https://apidatalake.tesouro.gov.br/ords/siconfi/tt/dca); LC 214 arts. 472-473 (aquisições; folha fora, art. 4o); elementos de despesa Portaria Interm. STN/SOF 163/2001 Anexo II (MTO 4.6.2.1.4); DCA CONSOLIDADA do ente (instituicao unica — sem abertura adm. direta x estatais dependentes; perimetros diferem apenas pelo conjunto de elementos); id_ente=RJ"
estadual,RN,2024,2119665695.67,300066297.10,108421363.73,15140470.15,81021647.95,493990730.10,1011092257.32,109932929.32,R$ correntes do exercicio,Despesas Empenhadas,DCA integral do ente (hash em _seed_manifest.json),"G_central = SUM(valor | cod_conta in elementos 3.3.90.30+3.3.90.32+3.3.90.33+3.3.90.36+3.3.90.37+3.3.90.39+3.3.90.40, coluna='Despesas Empenhadas')","SICONFI DCA 'DCA-Anexo I-D' (https://apidatalake.tesouro.gov.br/ords/siconfi/tt/dca); LC 214 arts. 472-473 (aquisições; folha fora, art. 4o); elementos de despesa Portaria Interm. STN/SOF 163/2001 Anexo II (MTO 4.6.2.1.4); DCA CONSOLIDADA do ente (instituicao unica — sem abertura adm. direta x estatais dependentes; perimetros diferem apenas pelo conjunto de elementos); id_ente=RN"
estadual,RO,2024,2756543462.00,592710907.29,59265819.36,67095130.07,73322263.88,95768995.54,1642973237.94,225407107.92,R$ correntes do exercicio,Despesas Empenhadas,DCA integral do ente (hash em _seed_manifest.json),"G_central = SUM(valor | cod_conta in elementos 3.3.90.30+3.3.90.32+3.3.90.33+3.3.90.36+3.3.90.37+3.3.90.39+3.3.90.40, coluna='Despesas Empenhadas')","SICONFI DCA 'DCA-Anexo I-D' (https://apidatalake.tesouro.gov.br/ords/siconfi/tt/dca); LC 214 arts. 472-473 (aquisições; folha fora, art. 4o); elementos de despesa Portaria Interm. STN/SOF 163/2001 Anexo II (MTO 4.6.2.1.4); DCA CONSOLIDADA do ente (instituicao unica — sem abertura adm. direta x estatais dependentes; perimetros diferem apenas pelo conjunto de elementos); id_ente=RO"
estadual,RR,2024,2108523316.39,186141311.73,95098853.74,33073212.12,21813314.01,203838813.66,1490991385.24,77566425.89,R$ correntes do exercicio,Despesas Empenhadas,DCA integral do ente (hash em _seed_manifest.json),"G_central = SUM(valor | cod_conta in elementos 3.3.90.30+3.3.90.32+3.3.90.33+3.3.90.36+3.3.90.37+3.3.90.39+3.3.90.40, coluna='Despesas Empenhadas')","SICONFI DCA 'DCA-Anexo I-D' (https://apidatalake.tesouro.gov.br/ords/siconfi/tt/dca); LC 214 arts. 472-473 (aquisições; folha fora, art. 4o); elementos de despesa Portaria Interm. STN/SOF 163/2001 Anexo II (MTO 4.6.2.1.4); DCA CONSOLIDADA do ente (instituicao unica — sem abertura adm. direta x estatais dependentes; perimetros diferem apenas pelo conjunto de elementos); id_ente=RR"
estadual,RS,2024,11211060181.35,1153753343.56,48796257.48,54592775.22,465796621.33,721007299.21,8122063012.55,645050872.00,R$ correntes do exercicio,Despesas Empenhadas,DCA integral do ente (hash em _seed_manifest.json),"G_central = SUM(valor | cod_conta in elementos 3.3.90.30+3.3.90.32+3.3.90.33+3.3.90.36+3.3.90.37+3.3.90.39+3.3.90.40, coluna='Despesas Empenhadas')","SICONFI DCA 'DCA-Anexo I-D' (https://apidatalake.tesouro.gov.br/ords/siconfi/tt/dca); LC 214 arts. 472-473 (aquisições; folha fora, art. 4o); elementos de despesa Portaria Interm. STN/SOF 163/2001 Anexo II (MTO 4.6.2.1.4); DCA CONSOLIDADA do ente (instituicao unica — sem abertura adm. direta x estatais dependentes; perimetros diferem apenas pelo conjunto de elementos); id_ente=RS"
estadual,SC,2024,7415334712.18,1231916214.91,22644582.61,50437749.79,299176464.77,771126105.59,4631870369.99,408163224.52,R$ correntes do exercicio,Despesas Empenhadas,DCA integral do ente (hash em _seed_manifest.json),"G_central = SUM(valor | cod_conta in elementos 3.3.90.30+3.3.90.32+3.3.90.33+3.3.90.36+3.3.90.37+3.3.90.39+3.3.90.40, coluna='Despesas Empenhadas')","SICONFI DCA 'DCA-Anexo I-D' (https://apidatalake.tesouro.gov.br/ords/siconfi/tt/dca); LC 214 arts. 472-473 (aquisições; folha fora, art. 4o); elementos de despesa Portaria Interm. STN/SOF 163/2001 Anexo II (MTO 4.6.2.1.4); DCA CONSOLIDADA do ente (instituicao unica — sem abertura adm. direta x estatais dependentes; perimetros diferem apenas pelo conjunto de elementos); id_ente=SC"
estadual,SE,2024,3900371143.35,205571675.01,105074618.95,187568784.11,275040959.44,406164000.14,2511201394.95,209749710.75,R$ correntes do exercicio,Despesas Empenhadas,DCA integral do ente (hash em _seed_manifest.json),"G_central = SUM(valor | cod_conta in elementos 3.3.90.30+3.3.90.32+3.3.90.33+3.3.90.36+3.3.90.37+3.3.90.39+3.3.90.40, coluna='Despesas Empenhadas')","SICONFI DCA 'DCA-Anexo I-D' (https://apidatalake.tesouro.gov.br/ords/siconfi/tt/dca); LC 214 arts. 472-473 (aquisições; folha fora, art. 4o); elementos de despesa Portaria Interm. STN/SOF 163/2001 Anexo II (MTO 4.6.2.1.4); DCA CONSOLIDADA do ente (instituicao unica — sem abertura adm. direta x estatais dependentes; perimetros diferem apenas pelo conjunto de elementos); id_ente=SE"
estadual,SP,2024,35500952900.86,8172486291.35,80917038.27,1536713255.44,1017242857.47,3060327862.78,17684767425.84,3948498169.71,R$ correntes do exercicio,Despesas Empenhadas,DCA integral do ente (hash em _seed_manifest.json),"G_central = SUM(valor | cod_conta in elementos 3.3.90.30+3.3.90.32+3.3.90.33+3.3.90.36+3.3.90.37+3.3.90.39+3.3.90.40, coluna='Despesas Empenhadas')","SICONFI DCA 'DCA-Anexo I-D' (https://apidatalake.tesouro.gov.br/ords/siconfi/tt/dca); LC 214 arts. 472-473 (aquisições; folha fora, art. 4o); elementos de despesa Portaria Interm. STN/SOF 163/2001 Anexo II (MTO 4.6.2.1.4); DCA CONSOLIDADA do ente (instituicao unica — sem abertura adm. direta x estatais dependentes; perimetros diferem apenas pelo conjunto de elementos); id_ente=SP"
estadual,TO,2024,2970238895.37,350375132.86,131901560.07,190227423.27,68931300.95,117248962.48,1904287084.14,207267431.60,R$ correntes do exercicio,Despesas Empenhadas,DCA integral do ente (hash em _seed_manifest.json),"G_central = SUM(valor | cod_conta in elementos 3.3.90.30+3.3.90.32+3.3.90.33+3.3.90.36+3.3.90.37+3.3.90.39+3.3.90.40, coluna='Despesas Empenhadas')","SICONFI DCA 'DCA-Anexo I-D' (https://apidatalake.tesouro.gov.br/ords/siconfi/tt/dca); LC 214 arts. 472-473 (aquisições; folha fora, art. 4o); elementos de despesa Portaria Interm. STN/SOF 163/2001 Anexo II (MTO 4.6.2.1.4); DCA CONSOLIDADA do ente (instituicao unica — sem abertura adm. direta x estatais dependentes; perimetros diferem apenas pelo conjunto de elementos); id_ente=TO"
municipal,BR,2024,390151601894.23,82696807142.34,13231937942.13,2566802895.47,14514827914.87,9490362332.91,257429619627.47,10221244039.04,R$ correntes do exercicio,Despesas Empenhadas,"amostra capitais+top200 (200 medidos; 49.7% da populacao municipal ex-DF) + extrapolacao pos-estratificada (gpc 2023 x pop resto x infl=1.0893, n_comuns=119); APROXIMACAO declarada (fallback FINBRA/hCaptcha) — sensibilidades em g_municipal_sensibilidade.csv","G_M = SUM(amostra) + SUM_s(pop_resto_s*gpc_s_2023)*infl; G_central = SUM(valor | cod_conta in elementos 3.3.90.30+3.3.90.32+3.3.90.33+3.3.90.36+3.3.90.37+3.3.90.39+3.3.90.40, coluna='Despesas Empenhadas')","SICONFI DCA 'DCA-Anexo I-D' (https://apidatalake.tesouro.gov.br/ords/siconfi/tt/dca); LC 214 arts. 472-473 (aquisições; folha fora, art. 4o); elementos de despesa Portaria Interm. STN/SOF 163/2001 Anexo II (MTO 4.6.2.1.4); DCA CONSOLIDADA do ente (instituicao unica — sem abertura adm. direta x estatais dependentes; perimetros diferem apenas pelo conjunto de elementos); amostra + subamostra aleatoria v1 2023"
uniao,BR,2024,99724230993.63,33673417244.42,2275050898.01,2595303326.01,2706948125.21,14119370467.41,36407555146.25,7946585786.32,R$ correntes do exercicio,Despesas Empenhadas,DCA integral do ente (id_ente=1),"G_central = SUM(valor | cod_conta in elementos 3.3.90.30+3.3.90.32+3.3.90.33+3.3.90.36+3.3.90.37+3.3.90.39+3.3.90.40, coluna='Despesas Empenhadas')","SICONFI DCA 'DCA-Anexo I-D' (https://apidatalake.tesouro.gov.br/ords/siconfi/tt/dca); LC 214 arts. 472-473 (aquisições; folha fora, art. 4o); elementos de despesa Portaria Interm. STN/SOF 163/2001 Anexo II (MTO 4.6.2.1.4); DCA CONSOLIDADA do ente (instituicao unica — sem abertura adm. direta x estatais dependentes; perimetros diferem apenas pelo conjunto de elementos); id_ente=1 (Governo Federal)"
estadual,AC,2025,2598839512.89,420551820.64,25393531.77,112159018.91,16744248.61,431774604.34,1446627255.47,145589033.15,R$ correntes do exercicio,Despesas Empenhadas,DCA integral do ente (hash em _seed_manifest.json),"G_central = SUM(valor | cod_conta in elementos 3.3.90.30+3.3.90.32+3.3.90.33+3.3.90.36+3.3.90.37+3.3.90.39+3.3.90.40, coluna='Despesas Empenhadas')","SICONFI DCA 'DCA-Anexo I-D' (https://apidatalake.tesouro.gov.br/ords/siconfi/tt/dca); LC 214 arts. 472-473 (aquisições; folha fora, art. 4o); elementos de despesa Portaria Interm. STN/SOF 163/2001 Anexo II (MTO 4.6.2.1.4); DCA CONSOLIDADA do ente (instituicao unica — sem abertura adm. direta x estatais dependentes; perimetros diferem apenas pelo conjunto de elementos); id_ente=AC"
estadual,AL,2025,3339131457.79,281184064.88,160128069.85,26368160.24,1110526911.16,156646182.76,1602427117.50,1850951.40,R$ correntes do exercicio,Despesas Empenhadas,DCA integral do ente (hash em _seed_manifest.json),"G_central = SUM(valor | cod_conta in elementos 3.3.90.30+3.3.90.32+3.3.90.33+3.3.90.36+3.3.90.37+3.3.90.39+3.3.90.40, coluna='Despesas Empenhadas')","SICONFI DCA 'DCA-Anexo I-D' (https://apidatalake.tesouro.gov.br/ords/siconfi/tt/dca); LC 214 arts. 472-473 (aquisições; folha fora, art. 4o); elementos de despesa Portaria Interm. STN/SOF 163/2001 Anexo II (MTO 4.6.2.1.4); DCA CONSOLIDADA do ente (instituicao unica — sem abertura adm. direta x estatais dependentes; perimetros diferem apenas pelo conjunto de elementos); id_ente=AL"
estadual,AM,2025,7114087956.53,676822538.78,548299312.49,675583202.19,164388181.34,769709636.05,3498885430.31,780399655.37,R$ correntes do exercicio,Despesas Empenhadas,DCA integral do ente (hash em _seed_manifest.json),"G_central = SUM(valor | cod_conta in elementos 3.3.90.30+3.3.90.32+3.3.90.33+3.3.90.36+3.3.90.37+3.3.90.39+3.3.90.40, coluna='Despesas Empenhadas')","SICONFI DCA 'DCA-Anexo I-D' (https://apidatalake.tesouro.gov.br/ords/siconfi/tt/dca); LC 214 arts. 472-473 (aquisições; folha fora, art. 4o); elementos de despesa Portaria Interm. STN/SOF 163/2001 Anexo II (MTO 4.6.2.1.4); DCA CONSOLIDADA do ente (instituicao unica — sem abertura adm. direta x estatais dependentes; perimetros diferem apenas pelo conjunto de elementos); id_ente=AM"
estadual,AP,2025,1832729836.79,203925951.57,53823869.67,45837725.27,23633838.05,253650940.38,1199704693.36,52152818.49,R$ correntes do exercicio,Despesas Empenhadas,DCA integral do ente (hash em _seed_manifest.json),"G_central = SUM(valor | cod_conta in elementos 3.3.90.30+3.3.90.32+3.3.90.33+3.3.90.36+3.3.90.37+3.3.90.39+3.3.90.40, coluna='Despesas Empenhadas')","SICONFI DCA 'DCA-Anexo I-D' (https://apidatalake.tesouro.gov.br/ords/siconfi/tt/dca); LC 214 arts. 472-473 (aquisições; folha fora, art. 4o); elementos de despesa Portaria Interm. STN/SOF 163/2001 Anexo II (MTO 4.6.2.1.4); DCA CONSOLIDADA do ente (instituicao unica — sem abertura adm. direta x estatais dependentes; perimetros diferem apenas pelo conjunto de elementos); id_ente=AP"
estadual,BA,2025,15869081995.95,682671547.18,764351571.25,274991211.85,381592793.03,2146244927.05,10588219414.86,1031010530.73,R$ correntes do exercicio,Despesas Empenhadas,DCA integral do ente (hash em _seed_manifest.json),"G_central = SUM(valor | cod_conta in elementos 3.3.90.30+3.3.90.32+3.3.90.33+3.3.90.36+3.3.90.37+3.3.90.39+3.3.90.40, coluna='Despesas Empenhadas')","SICONFI DCA 'DCA-Anexo I-D' (https://apidatalake.tesouro.gov.br/ords/siconfi/tt/dca); LC 214 arts. 472-473 (aquisições; folha fora, art. 4o); elementos de despesa Portaria Interm. STN/SOF 163/2001 Anexo II (MTO 4.6.2.1.4); DCA CONSOLIDADA do ente (instituicao unica — sem abertura adm. direta x estatais dependentes; perimetros diferem apenas pelo conjunto de elementos); id_ente=BA"
estadual,CE,2025,7521346767.94,989152039.84,521431068.98,47164762.59,310837417.20,1625971463.34,3363102909.63,663687106.36,R$ correntes do exercicio,Despesas Empenhadas,DCA integral do ente (hash em _seed_manifest.json),"G_central = SUM(valor | cod_conta in elementos 3.3.90.30+3.3.90.32+3.3.90.33+3.3.90.36+3.3.90.37+3.3.90.39+3.3.90.40, coluna='Despesas Empenhadas')","SICONFI DCA 'DCA-Anexo I-D' (https://apidatalake.tesouro.gov.br/ords/siconfi/tt/dca); LC 214 arts. 472-473 (aquisições; folha fora, art. 4o); elementos de despesa Portaria Interm. STN/SOF 163/2001 Anexo II (MTO 4.6.2.1.4); DCA CONSOLIDADA do ente (instituicao unica — sem abertura adm. direta x estatais dependentes; perimetros diferem apenas pelo conjunto de elementos); id_ente=CE"
estadual,DF,2025,10236765461.79,943173126.43,83409765.60,49842433.30,81978517.28,1228095990.00,7386246059.30,464019569.88,R$ correntes do exercicio,Despesas Empenhadas,DCA integral do ente (hash em _seed_manifest.json),"G_central = SUM(valor | cod_conta in elementos 3.3.90.30+3.3.90.32+3.3.90.33+3.3.90.36+3.3.90.37+3.3.90.39+3.3.90.40, coluna='Despesas Empenhadas')","SICONFI DCA 'DCA-Anexo I-D' (https://apidatalake.tesouro.gov.br/ords/siconfi/tt/dca); LC 214 arts. 472-473 (aquisições; folha fora, art. 4o); elementos de despesa Portaria Interm. STN/SOF 163/2001 Anexo II (MTO 4.6.2.1.4); DCA CONSOLIDADA do ente (instituicao unica — sem abertura adm. direta x estatais dependentes; perimetros diferem apenas pelo conjunto de elementos); id_ente=DF; DCA unica do GDF — inclui funcoes municipais (art. 349, II, 'c')"
estadual,ES,2025,3785206841.75,700409466.79,161881765.33,92708338.27,129773529.14,711447028.66,1664021133.55,324965580.01,R$ correntes do exercicio,Despesas Empenhadas,DCA integral do ente (hash em _seed_manifest.json),"G_central = SUM(valor | cod_conta in elementos 3.3.90.30+3.3.90.32+3.3.90.33+3.3.90.36+3.3.90.37+3.3.90.39+3.3.90.40, coluna='Despesas Empenhadas')","SICONFI DCA 'DCA-Anexo I-D' (https://apidatalake.tesouro.gov.br/ords/siconfi/tt/dca); LC 214 arts. 472-473 (aquisições; folha fora, art. 4o); elementos de despesa Portaria Interm. STN/SOF 163/2001 Anexo II (MTO 4.6.2.1.4); DCA CONSOLIDADA do ente (instituicao unica — sem abertura adm. direta x estatais dependentes; perimetros diferem apenas pelo conjunto de elementos); id_ente=ES"
estadual,GO,2025,4765006425.38,525111952.64,770606713.55,107045830.63,103848911.16,791602145.37,2078559399.76,388231472.27,R$ correntes do exercicio,Despesas Empenhadas,DCA integral do ente (hash em _seed_manifest.json),"G_central = SUM(valor | cod_conta in elementos 3.3.90.30+3.3.90.32+3.3.90.33+3.3.90.36+3.3.90.37+3.3.90.39+3.3.90.40, coluna='Despesas Empenhadas')","SICONFI DCA 'DCA-Anexo I-D' (https://apidatalake.tesouro.gov.br/ords/siconfi/tt/dca); LC 214 arts. 472-473 (aquisições; folha fora, art. 4o); elementos de despesa Portaria Interm. STN/SOF 163/2001 Anexo II (MTO 4.6.2.1.4); DCA CONSOLIDADA do ente (instituicao unica — sem abertura adm. direta x estatais dependentes; perimetros diferem apenas pelo conjunto de elementos); id_ente=GO"
estadual,MA,2025,6263066982.51,265319548.60,144408334.44,100440394.78,139204339.97,356126604.02,4914080027.69,343487733.01,R$ correntes do exercicio,Despesas Empenhadas,DCA integral do ente (hash em _seed_manifest.json),"G_central = SUM(valor | cod_conta in elementos 3.3.90.30+3.3.90.32+3.3.90.33+3.3.90.36+3.3.90.37+3.3.90.39+3.3.90.40, coluna='Despesas Empenhadas')","SICONFI DCA 'DCA-Anexo I-D' (https://apidatalake.tesouro.gov.br/ords/siconfi/tt/dca); LC 214 arts. 472-473 (aquisições; folha fora, art. 4o); elementos de despesa Portaria Interm. STN/SOF 163/2001 Anexo II (MTO 4.6.2.1.4); DCA CONSOLIDADA do ente (instituicao unica — sem abertura adm. direta x estatais dependentes; perimetros diferem apenas pelo conjunto de elementos); id_ente=MA"
estadual,MG,2025,13242272835.55,1881426129.17,55766757.88,69726558.99,469892082.10,2740552142.52,6955660082.54,1069249082.35,R$ correntes do exercicio,Despesas Empenhadas,DCA integral do ente (hash em _seed_manifest.json),"G_central = SUM(valor | cod_conta in elementos 3.3.90.30+3.3.90.32+3.3.90.33+3.3.90.36+3.3.90.37+3.3.90.39+3.3.90.40, coluna='Despesas Empenhadas')","SICONFI DCA 'DCA-Anexo I-D' (https://apidatalake.tesouro.gov.br/ords/siconfi/tt/dca); LC 214 arts. 472-473 (aquisições; folha fora, art. 4o); elementos de despesa Portaria Interm. STN/SOF 163/2001 Anexo II (MTO 4.6.2.1.4); DCA CONSOLIDADA do ente (instituicao unica — sem abertura adm. direta x estatais dependentes; perimetros diferem apenas pelo conjunto de elementos); id_ente=MG"
estadual,MS,2025,3288350027.74,243865877.42,112853202.59,35848391.47,60167320.08,314599249.57,1767286063.78,753729922.83,R$ correntes do exercicio,Despesas Empenhadas,DCA integral do ente (hash em _seed_manifest.json),"G_central = SUM(valor | cod_conta in elementos 3.3.90.30+3.3.90.32+3.3.90.33+3.3.90.36+3.3.90.37+3.3.90.39+3.3.90.40, coluna='Despesas Empenhadas')","SICONFI DCA 'DCA-Anexo I-D' (https://apidatalake.tesouro.gov.br/ords/siconfi/tt/dca); LC 214 arts. 472-473 (aquisições; folha fora, art. 4o); elementos de despesa Portaria Interm. STN/SOF 163/2001 Anexo II (MTO 4.6.2.1.4); DCA CONSOLIDADA do ente (instituicao unica — sem abertura adm. direta x estatais dependentes; perimetros diferem apenas pelo conjunto de elementos); id_ente=MS"
estadual,MT,2025,5976193284.06,460020948.43,196236196.95,75586466.30,184792307.94,515082669.67,4017780178.49,526694516.28,R$ correntes do exercicio,Despesas Empenhadas,DCA integral do ente (hash em _seed_manifest.json),"G_central = SUM(valor | cod_conta in elementos 3.3.90.30+3.3.90.32+3.3.90.33+3.3.90.36+3.3.90.37+3.3.90.39+3.3.90.40, coluna='Despesas Empenhadas')","SICONFI DCA 'DCA-Anexo I-D' (https://apidatalake.tesouro.gov.br/ords/siconfi/tt/dca); LC 214 arts. 472-473 (aquisições; folha fora, art. 4o); elementos de despesa Portaria Interm. STN/SOF 163/2001 Anexo II (MTO 4.6.2.1.4); DCA CONSOLIDADA do ente (instituicao unica — sem abertura adm. direta x estatais dependentes; perimetros diferem apenas pelo conjunto de elementos); id_ente=MT"
estadual,PA,2025,7154410073.49,902691115.23,91905992.03,630437296.75,251048672.38,1386856986.52,2975912990.57,915557020.01,R$ correntes do exercicio,Despesas Empenhadas,DCA integral do ente (hash em _seed_manifest.json),"G_central = SUM(valor | cod_conta in elementos 3.3.90.30+3.3.90.32+3.3.90.33+3.3.90.36+3.3.90.37+3.3.90.39+3.3.90.40, coluna='Despesas Empenhadas')","SICONFI DCA 'DCA-Anexo I-D' (https://apidatalake.tesouro.gov.br/ords/siconfi/tt/dca); LC 214 arts. 472-473 (aquisições; folha fora, art. 4o); elementos de despesa Portaria Interm. STN/SOF 163/2001 Anexo II (MTO 4.6.2.1.4); DCA CONSOLIDADA do ente (instituicao unica — sem abertura adm. direta x estatais dependentes; perimetros diferem apenas pelo conjunto de elementos); id_ente=PA"
estadual,PB,2025,3585587274.97,537271452.52,167834160.28,42057185.34,68956053.62,384381850.72,2185004774.30,200081798.19,R$ correntes do exercicio,Despesas Empenhadas,DCA integral do ente (hash em _seed_manifest.json),"G_central = SUM(valor | cod_conta in elementos 3.3.90.30+3.3.90.32+3.3.90.33+3.3.90.36+3.3.90.37+3.3.90.39+3.3.90.40, coluna='Despesas Empenhadas')","SICONFI DCA 'DCA-Anexo I-D' (https://apidatalake.tesouro.gov.br/ords/siconfi/tt/dca); LC 214 arts. 472-473 (aquisições; folha fora, art. 4o); elementos de despesa Portaria Interm. STN/SOF 163/2001 Anexo II (MTO 4.6.2.1.4); DCA CONSOLIDADA do ente (instituicao unica — sem abertura adm. direta x estatais dependentes; perimetros diferem apenas pelo conjunto de elementos); id_ente=PB"
estadual,PE,2025,9623265286.97,1053351740.32,350367225.68,642993205.15,391078686.11,1051159627.18,5679012029.70,455302772.83,R$ correntes do exercicio,Despesas Empenhadas,DCA integral do ente (hash em _seed_manifest.json),"G_central = SUM(valor | cod_conta in elementos 3.3.90.30+3.3.90.32+3.3.90.33+3.3.90.36+3.3.90.37+3.3.90.39+3.3.90.40, coluna='Despesas Empenhadas')","SICONFI DCA 'DCA-Anexo I-D' (https://apidatalake.tesouro.gov.br/ords/siconfi/tt/dca); LC 214 arts. 472-473 (aquisições; folha fora, art. 4o); elementos de despesa Portaria Interm. STN/SOF 163/2001 Anexo II (MTO 4.6.2.1.4); DCA CONSOLIDADA do ente (instituicao unica — sem abertura adm. direta x estatais dependentes; perimetros diferem apenas pelo conjunto de elementos); id_ente=PE"
estadual,PI,2025,3862882146.41,636389717.32,28433088.48,27854381.66,147527865.68,436860383.86,2298185879.16,287630830.25,R$ correntes do exercicio,Despesas Empenhadas,DCA integral do ente (hash em _seed_manifest.json),"G_central = SUM(valor | cod_conta in elementos 3.3.90.30+3.3.90.32+3.3.90.33+3.3.90.36+3.3.90.37+3.3.90.39+3.3.90.40, coluna='Despesas Empenhadas')","SICONFI DCA 'DCA-Anexo I-D' (https://apidatalake.tesouro.gov.br/ords/siconfi/tt/dca); LC 214 arts. 472-473 (aquisições; folha fora, art. 4o); elementos de despesa Portaria Interm. STN/SOF 163/2001 Anexo II (MTO 4.6.2.1.4); DCA CONSOLIDADA do ente (instituicao unica — sem abertura adm. direta x estatais dependentes; perimetros diferem apenas pelo conjunto de elementos); id_ente=PI"
estadual,PR,2025,14505174282.64,1020082960.34,1283415778.20,47458180.95,387952067.68,2149335517.39,8670756364.03,946173414.05,R$ correntes do exercicio,Despesas Empenhadas,DCA integral do ente (hash em _seed_manifest.json),"G_central = SUM(valor | cod_conta in elementos 3.3.90.30+3.3.90.32+3.3.90.33+3.3.90.36+3.3.90.37+3.3.90.39+3.3.90.40, coluna='Despesas Empenhadas')","SICONFI DCA 'DCA-Anexo I-D' (https://apidatalake.tesouro.gov.br/ords/siconfi/tt/dca); LC 214 arts. 472-473 (aquisições; folha fora, art. 4o); elementos de despesa Portaria Interm. STN/SOF 163/2001 Anexo II (MTO 4.6.2.1.4); DCA CONSOLIDADA do ente (instituicao unica — sem abertura adm. direta x estatais dependentes; perimetros diferem apenas pelo conjunto de elementos); id_ente=PR"
estadual,RJ,2025,5234342050.94,1758926201.20,529082172.05,57715102.63,702540241.18,810402276.82,1355662662.06,20013395.00,R$ correntes do exercicio,Despesas Empenhadas,DCA integral do ente (hash em _seed_manifest.json),"G_central = SUM(valor | cod_conta in elementos 3.3.90.30+3.3.90.32+3.3.90.33+3.3.90.36+3.3.90.37+3.3.90.39+3.3.90.40, coluna='Despesas Empenhadas')","SICONFI DCA 'DCA-Anexo I-D' (https://apidatalake.tesouro.gov.br/ords/siconfi/tt/dca); LC 214 arts. 472-473 (aquisições; folha fora, art. 4o); elementos de despesa Portaria Interm. STN/SOF 163/2001 Anexo II (MTO 4.6.2.1.4); DCA CONSOLIDADA do ente (instituicao unica — sem abertura adm. direta x estatais dependentes; perimetros diferem apenas pelo conjunto de elementos); id_ente=RJ"
estadual,RN,2025,2400937542.91,301286753.04,107225975.55,16783530.64,92158034.63,615934693.85,1123064996.93,144483558.27,R$ correntes do exercicio,Despesas Empenhadas,DCA integral do ente (hash em _seed_manifest.json),"G_central = SUM(valor | cod_conta in elementos 3.3.90.30+3.3.90.32+3.3.90.33+3.3.90.36+3.3.90.37+3.3.90.39+3.3.90.40, coluna='Despesas Empenhadas')","SICONFI DCA 'DCA-Anexo I-D' (https://apidatalake.tesouro.gov.br/ords/siconfi/tt/dca); LC 214 arts. 472-473 (aquisições; folha fora, art. 4o); elementos de despesa Portaria Interm. STN/SOF 163/2001 Anexo II (MTO 4.6.2.1.4); DCA CONSOLIDADA do ente (instituicao unica — sem abertura adm. direta x estatais dependentes; perimetros diferem apenas pelo conjunto de elementos); id_ente=RN"
estadual,RO,2025,3293222433.52,700710719.22,108388232.61,86302888.76,81124124.21,112011475.00,1947824516.93,256860476.79,R$ correntes do exercicio,Despesas Empenhadas,DCA integral do ente (hash em _seed_manifest.json),"G_central = SUM(valor | cod_conta in elementos 3.3.90.30+3.3.90.32+3.3.90.33+3.3.90.36+3.3.90.37+3.3.90.39+3.3.90.40, coluna='Despesas Empenhadas')","SICONFI DCA 'DCA-Anexo I-D' (https://apidatalake.tesouro.gov.br/ords/siconfi/tt/dca); LC 214 arts. 472-473 (aquisições; folha fora, art. 4o); elementos de despesa Portaria Interm. STN/SOF 163/2001 Anexo II (MTO 4.6.2.1.4); DCA CONSOLIDADA do ente (instituicao unica — sem abertura adm. direta x estatais dependentes; perimetros diferem apenas pelo conjunto de elementos); id_ente=RO"
estadual,RR,2025,2216968314.87,234793364.00,86480287.13,38685700.80,29946244.17,248329595.12,1485358505.92,93374617.73,R$ correntes do exercicio,Despesas Empenhadas,DCA integral do ente (hash em _seed_manifest.json),"G_central = SUM(valor | cod_conta in elementos 3.3.90.30+3.3.90.32+3.3.90.33+3.3.90.36+3.3.90.37+3.3.90.39+3.3.90.40, coluna='Despesas Empenhadas')","SICONFI DCA 'DCA-Anexo I-D' (https://apidatalake.tesouro.gov.br/ords/siconfi/tt/dca); LC 214 arts. 472-473 (aquisições; folha fora, art. 4o); elementos de despesa Portaria Interm. STN/SOF 163/2001 Anexo II (MTO 4.6.2.1.4); DCA CONSOLIDADA do ente (instituicao unica — sem abertura adm. direta x estatais dependentes; perimetros diferem apenas pelo conjunto de elementos); id_ente=RR"
estadual,RS,2025,12787459185.82,1561898606.88,43556005.87,67038550.13,501943192.01,794224520.55,8627597299.49,1191201010.89,R$ correntes do exercicio,Despesas Empenhadas,DCA integral do ente (hash em _seed_manifest.json),"G_central = SUM(valor | cod_conta in elementos 3.3.90.30+3.3.90.32+3.3.90.33+3.3.90.36+3.3.90.37+3.3.90.39+3.3.90.40, coluna='Despesas Empenhadas')","SICONFI DCA 'DCA-Anexo I-D' (https://apidatalake.tesouro.gov.br/ords/siconfi/tt/dca); LC 214 arts. 472-473 (aquisições; folha fora, art. 4o); elementos de despesa Portaria Interm. STN/SOF 163/2001 Anexo II (MTO 4.6.2.1.4); DCA CONSOLIDADA do ente (instituicao unica — sem abertura adm. direta x estatais dependentes; perimetros diferem apenas pelo conjunto de elementos); id_ente=RS"
estadual,SC,2025,8658890465.67,1383381501.92,82988880.23,59070939.27,354546770.65,866713717.24,5472515975.31,439672681.05,R$ correntes do exercicio,Despesas Empenhadas,DCA integral do ente (hash em _seed_manifest.json),"G_central = SUM(valor | cod_conta in elementos 3.3.90.30+3.3.90.32+3.3.90.33+3.3.90.36+3.3.90.37+3.3.90.39+3.3.90.40, coluna='Despesas Empenhadas')","SICONFI DCA 'DCA-Anexo I-D' (https://apidatalake.tesouro.gov.br/ords/siconfi/tt/dca); LC 214 arts. 472-473 (aquisições; folha fora, art. 4o); elementos de despesa Portaria Interm. STN/SOF 163/2001 Anexo II (MTO 4.6.2.1.4); DCA CONSOLIDADA do ente (instituicao unica — sem abertura adm. direta x estatais dependentes; perimetros diferem apenas pelo conjunto de elementos); id_ente=SC"
estadual,SE,2025,4605821143.45,265802603.82,145775341.69,256543157.49,286366339.32,496654527.53,2875636925.39,279042248.21,R$ correntes do exercicio,Despesas Empenhadas,DCA integral do ente (hash em _seed_manifest.json),"G_central = SUM(valor | cod_conta in elementos 3.3.90.30+3.3.90.32+3.3.90.33+3.3.90.36+3.3.90.37+3.3.90.39+3.3.90.40, coluna='Despesas Empenhadas')","SICONFI DCA 'DCA-Anexo I-D' (https://apidatalake.tesouro.gov.br/ords/siconfi/tt/dca); LC 214 arts. 472-473 (aquisições; folha fora, art. 4o); elementos de despesa Portaria Interm. STN/SOF 163/2001 Anexo II (MTO 4.6.2.1.4); DCA CONSOLIDADA do ente (instituicao unica — sem abertura adm. direta x estatais dependentes; perimetros diferem apenas pelo conjunto de elementos); id_ente=SE"
estadual,SP,2025,37034641466.40,8474715111.89,103177402.98,1754243620.60,1126789601.59,3131500963.27,17800756875.90,4643457890.17,R$ correntes do exercicio,Despesas Empenhadas,DCA integral do ente (hash em _seed_manifest.json),"G_central = SUM(valor | cod_conta in elementos 3.3.90.30+3.3.90.32+3.3.90.33+3.3.90.36+3.3.90.37+3.3.90.39+3.3.90.40, coluna='Despesas Empenhadas')","SICONFI DCA 'DCA-Anexo I-D' (https://apidatalake.tesouro.gov.br/ords/siconfi/tt/dca); LC 214 arts. 472-473 (aquisições; folha fora, art. 4o); elementos de despesa Portaria Interm. STN/SOF 163/2001 Anexo II (MTO 4.6.2.1.4); DCA CONSOLIDADA do ente (instituicao unica — sem abertura adm. direta x estatais dependentes; perimetros diferem apenas pelo conjunto de elementos); id_ente=SP"
estadual,TO,2025,3330647699.50,340855338.07,134805038.29,218429934.19,51480273.74,134587101.97,2233482389.61,217007623.63,R$ correntes do exercicio,Despesas Empenhadas,DCA integral do ente (hash em _seed_manifest.json),"G_central = SUM(valor | cod_conta in elementos 3.3.90.30+3.3.90.32+3.3.90.33+3.3.90.36+3.3.90.37+3.3.90.39+3.3.90.40, coluna='Despesas Empenhadas')","SICONFI DCA 'DCA-Anexo I-D' (https://apidatalake.tesouro.gov.br/ords/siconfi/tt/dca); LC 214 arts. 472-473 (aquisições; folha fora, art. 4o); elementos de despesa Portaria Interm. STN/SOF 163/2001 Anexo II (MTO 4.6.2.1.4); DCA CONSOLIDADA do ente (instituicao unica — sem abertura adm. direta x estatais dependentes; perimetros diferem apenas pelo conjunto de elementos); id_ente=TO"
municipal,BR,2025,399026794268.10,82792860185.42,13947167358.67,2824554426.04,14559805702.21,10492510599.12,263731488162.42,10678407834.22,R$ correntes do exercicio,Despesas Empenhadas,"amostra capitais+top200 (199 medidos; 49.5% da populacao municipal ex-DF) + extrapolacao pos-estratificada (gpc 2023 x pop resto x infl=1.1087, n_comuns=118); APROXIMACAO declarada (fallback FINBRA/hCaptcha) — sensibilidades em g_municipal_sensibilidade.csv","G_M = SUM(amostra) + SUM_s(pop_resto_s*gpc_s_2023)*infl; G_central = SUM(valor | cod_conta in elementos 3.3.90.30+3.3.90.32+3.3.90.33+3.3.90.36+3.3.90.37+3.3.90.39+3.3.90.40, coluna='Despesas Empenhadas')","SICONFI DCA 'DCA-Anexo I-D' (https://apidatalake.tesouro.gov.br/ords/siconfi/tt/dca); LC 214 arts. 472-473 (aquisições; folha fora, art. 4o); elementos de despesa Portaria Interm. STN/SOF 163/2001 Anexo II (MTO 4.6.2.1.4); DCA CONSOLIDADA do ente (instituicao unica — sem abertura adm. direta x estatais dependentes; perimetros diferem apenas pelo conjunto de elementos); amostra + subamostra aleatoria v1 2023"
uniao,BR,2025,110661384085.06,36400487198.03,3805701310.97,2808421010.14,2986176551.99,15662772029.70,39415168903.71,9582657080.52,R$ correntes do exercicio,Despesas Empenhadas,DCA integral do ente (id_ente=1),"G_central = SUM(valor | cod_conta in elementos 3.3.90.30+3.3.90.32+3.3.90.33+3.3.90.36+3.3.90.37+3.3.90.39+3.3.90.40, coluna='Despesas Empenhadas')","SICONFI DCA 'DCA-Anexo I-D' (https://apidatalake.tesouro.gov.br/ords/siconfi/tt/dca); LC 214 arts. 472-473 (aquisições; folha fora, art. 4o); elementos de despesa Portaria Interm. STN/SOF 163/2001 Anexo II (MTO 4.6.2.1.4); DCA CONSOLIDADA do ente (instituicao unica — sem abertura adm. direta x estatais dependentes; perimetros diferem apenas pelo conjunto de elementos); id_ente=1 (Governo Federal)"
